"Language","HashType","CPU","RAM","Time"
"CSharp","MD5","0,0781","17,8","0,1432"
"CSharp","MD5","0,0625","18,38","0,1095"
"Python","MD5","0,1562","7,97","0,6105"
"CSharp","MD5","0,0938","18,66","0,1383"
"CSharp","MD5","0,0781","18,5","0,1231"
"CSharp","MD5","0,0781","18,67","0,1219"
"Cpp","MD5","0","3,77","0,0451"
"Python","MD5","0,1562","8","0,6223"
"Cpp","MD5","0","3,77","0,0436"
"Cpp","MD5","0","4,75","0,0709"
"Cpp","MD5","0","3,76","0,0462"
"Cpp","MD5","0","3,77","0,0446"
"Python","MD5","0,125","7,98","0,6388"
"Python","MD5","0,2031","7,99","0,7632"
"Python","MD5","0,1719","8","0,6694"
"Python","MD5","0,1406","8","0,6532"
"Python","MD5","0,1719","8","0,6234"
"Python","MD5","0,1094","7,99","0,5955"
"Python","MD5","0,1406","7,99","0,6111"
"Python","MD5","0,125","8","0,6278"
"Python","MD5","0,1406","8","0,6414"
"Python","MD5","0,125","8","0,6058"
"Python","MD5","0,1562","7,99","0,606"
"CSharp","SHA1","0,0781","18,89","0,1367"
"CSharp","SHA1","0,0938","18,63","0,1517"
"CSharp","SHA1","0,0781","18,64","0,1237"
"CSharp","SHA1","0,0781","18,63","0,124"
"Python","MD5","0,1562","7,98","0,5775"
"CSharp","SHA1","0,1094","18,64","0,1725"
"Cpp","SHA1","0","3,77","0,0593"
"Cpp","SHA1","0,0156","3,76","0,0613"
"Cpp","SHA1","0,0156","3,76","0,0452"
"Python","MD5","0,1562","8","0,5631"
"Cpp","SHA1","0,0156","3,92","0,0443"
"Cpp","SHA1","0","3,76","0,0603"
"Python","MD5","0,125","7,99","0,6103"
"Python","SHA1","0,125","7,98","0,6089"
"Python","MD5","0,125","7,98","0,6093"
"Python","SHA1","0,1094","7,98","0,5925"
"Python","MD5","0,125","8","0,5937"
"Python","SHA1","0,1406","7,98","0,6093"
"Python","MD5","0,1406","7,99","0,5931"
"Python","SHA1","0,1406","7,98","0,6051"
"Python","MD5","0,125","7,99","0,5295"
"Python","SHA1","0,125","7,98","0,5756"
"CSharp","SHA2","0,0781","18,42","0,1236"
"CSharp","SHA2","0,0625","18,41","0,1078"
"Python","MD5","0,1094","8","0,5796"
"CSharp","SHA2","0,0781","18,7","0,1224"
"CSharp","SHA2","0,0781","18,79","0,1236"
"CSharp","SHA2","0,0625","18,49","0,1219"
"Cpp","SHA2","0","3,76","0,0446"
"Python","MD5","0,125","8","0,5897"
"Cpp","SHA2","0","3,76","0,0448"
"Cpp","SHA2","0","4,07","0,0454"
"Cpp","SHA2","0","4,45","0,0467"
"Cpp","SHA2","0","4,2","0,0446"
"Python","MD5","0,125","8","0,5784"
"Python","SHA2","0,1406","7,98","0,6214"
"Python","MD5","0,125","7,98","0,5885"
"Python","SHA2","0,125","7,98","0,5935"
"Python","MD5","0,125","7,99","0,5618"
"Python","SHA2","0,125","7,99","0,5926"
"Python","MD5","0,125","7,98","0,6092"
"Python","SHA2","0,125","7,97","0,5453"
"Python","MD5","0,1094","7,98","0,5777"
"Python","SHA2","0,125","8","0,5904"
"Python","MD5","0,125","7,97","0,5765"
"Python","MD5","0,1094","8,45","0,6221"
"Python","MD5","0,125","8,46","0,6114"
"Python","MD5","0,125","8,44","0,5941"
"Python","MD5","0,125","8","0,5782"
"Python","MD5","0,125","8","0,578"
"Python","MD5","0,125","8","0,5562"
"Python","MD5","0,125","8,36","0,5936"
"Python","MD5","0,1406","7,98","0,5647"
"Python","MD5","0,1562","8,46","0,5891"
"Python","MD5","0,1406","8,45","0,6129"
"Python","MD5","0,1406","8,46","0,6084"
"Python","MD5","0,125","8,46","0,5802"
"Python","MD5","0,125","8,46","0,5777"
"Python","MD5","0,125","8,45","0,5926"
"Python","MD5","0,1094","8,46","0,5906"
"Python","MD5","0,1094","8","0,5138"
"Python","MD5","0,125","8","0,5149"
"Python","MD5","0,0938","8","0,5751"
"Python","MD5","0,1094","7,98","0,5165"
"Python","MD5","0,1094","8,46","0,5915"
"Python","MD5","0,1094","8","0,513"
"Python","MD5","0,125","7,99","0,5795"
"Python","MD5","0,1406","8,45","0,5308"
"Python","MD5","0,1406","7,98","0,5799"
"Python","MD5","0,1562","8,47","0,5911"
"Python","MD5","0,1562","8,46","0,5934"
"Python","MD5","0,1562","8,47","0,5781"
"Python","MD5","0,1406","8,46","0,591"
"Python","MD5","0,1094","8,46","0,5791"
"Python","MD5","0,1094","7,99","0,5776"
"Python","MD5","0,125","8,46","0,5797"
"Python","MD5","0,1094","7,98","0,5327"
"Python","MD5","0,1562","8,45","0,5813"
"Python","MD5","0,125","7,98","0,5771"
"Python","MD5","0,1094","8,44","0,531"
"Python","MD5","0,125","8,46","0,5318"
"Python","MD5","0,125","8","0,5758"
"Python","MD5","0,125","8","0,5756"
"Python","MD5","0,125","8","0,5754"
"Python","MD5","0,1406","8","0,5307"
"Python","MD5","0,1406","8","0,5943"
"Python","MD5","0,125","8,47","0,5876"
"Python","MD5","0,125","7,98","0,5958"
"Python","MD5","0,125","7,98","0,5161"
"Python","MD5","0,1406","7,98","0,5949"
"Python","MD5","0,1406","7,97","0,5949"
"Python","MD5","0,125","7,98","0,5614"
"Python","MD5","0,125","8","0,5939"
"Python","MD5","0,1094","7,99","0,5295"
"Python","MD5","0,1406","7,98","0,5493"
"Python","MD5","0,1094","7,99","0,5197"
"Python","MD5","0,1406","7,96","0,592"
"Python","MD5","0,1406","7,99","0,576"
"Python","MD5","0,125","7,98","0,589"
"Python","MD5","0,1094","7,98","0,5796"
"Python","MD5","0,1562","7,98","0,5941"
"Python","MD5","0,125","8","0,5824"
"Python","MD5","0,125","7,98","0,5608"
"Python","MD5","0,125","7,98","0,6109"
"Python","MD5","0,1562","8","0,6104"
"Python","MD5","0,1406","7,96","0,606"
"Python","MD5","0,1875","8","0,642"
"Python","MD5","0,125","7,99","0,5483"
"Python","MD5","0,1406","7,98","0,5593"
"Python","MD5","0,1406","7,99","0,6083"
"Python","MD5","0,1406","8","0,5945"
"Python","MD5","0,1562","7,99","0,6245"
"Python","MD5","0,125","8","0,5627"
"Python","MD5","0,1094","7,98","0,5773"
"Python","MD5","0,125","7,99","0,5738"
"Python","MD5","0,125","7,99","0,5763"
"CSharp","SHA1","0,0625","18,42","0,1094"
"CSharp","SHA1","0,0938","18,46","0,1218"
"CSharp","SHA1","0,0781","18,5","0,1092"
"CSharp","SHA1","0,1094","18,83","0,122"
"CSharp","SHA1","0,0781","18,47","0,1079"
"CSharp","SHA1","0,0625","18,46","0,1082"
"CSharp","SHA1","0,0781","18,49","0,1076"
"CSharp","SHA1","0,0781","18,41","0,1078"
"CSharp","SHA1","0,0781","18,44","0,1256"
"CSharp","SHA1","0,0625","18,41","0,1218"
"CSharp","SHA1","0,0625","18,36","0,1235"
"CSharp","SHA1","0,1094","18,39","0,1223"
"CSharp","SHA1","0,0625","18,4","0,1219"
"CSharp","SHA1","0,0781","18,33","0,1055"
"CSharp","SHA1","0,0625","18,45","0,1076"
"CSharp","SHA1","0,0781","18,35","0,108"
"CSharp","SHA1","0,0781","16,91","0,1085"
"CSharp","SHA1","0,0469","18,38","0,124"
"CSharp","SHA1","0,1094","18,5","0,1244"
"CSharp","SHA1","0,0625","18,45","0,1087"
"CSharp","SHA1","0,0625","18,43","0,1071"
"CSharp","SHA1","0,0781","18,36","0,1089"
"CSharp","SHA1","0,0781","18,42","0,1069"
"CSharp","SHA1","0,0469","18,37","0,1083"
"CSharp","SHA1","0,0625","18,34","0,1066"
"CSharp","SHA1","0,0781","18,37","0,1074"
"CSharp","SHA1","0,0781","18,46","0,1224"
"CSharp","SHA1","0,0781","18,39","0,107"
"CSharp","SHA1","0,0781","18,38","0,1074"
"CSharp","SHA1","0,0625","16,7","0,1074"
"CSharp","SHA1","0,0781","18,47","0,1093"
"CSharp","SHA1","0,0625","18,38","0,1074"
"CSharp","SHA1","0,0781","18,44","0,1089"
"CSharp","SHA1","0,0625","18,32","0,1062"
"CSharp","SHA1","0,0625","18,41","0,1073"
"CSharp","SHA1","0,0781","18,5","0,1089"
"CSharp","SHA1","0,0625","18,34","0,1081"
"CSharp","SHA1","0,0625","18,49","0,1086"
"CSharp","SHA1","0,0625","18,39","0,1077"
"CSharp","SHA1","0,0781","18,3","0,1228"
"CSharp","SHA1","0,0781","18,42","0,107"
"CSharp","SHA1","0,0625","18,55","0,1095"
"CSharp","SHA1","0,0781","18,43","0,1078"
"CSharp","SHA1","0,0469","18,53","0,1071"
"CSharp","SHA1","0,0469","18,48","0,1078"
"CSharp","SHA1","0,0625","18,51","0,1219"
"CSharp","SHA1","0,0938","18,39","0,1234"
"CSharp","SHA1","0,0625","18,48","0,1095"
"CSharp","SHA1","0,0938","18,41","0,1082"
"CSharp","SHA1","0,0625","18,38","0,122"
"CSharp","SHA1","0,0625","18,55","0,1238"
"CSharp","SHA1","0,0625","18,45","0,1095"
"CSharp","SHA1","0,0625","18,46","0,1074"
"CSharp","SHA1","0,0781","18,46","0,1062"
"CSharp","SHA1","0,0625","18,36","0,123"
"CSharp","SHA1","0,0625","18,39","0,1231"
"CSharp","SHA1","0,0625","17,01","0,1078"
"CSharp","SHA1","0,0625","18,38","0,1199"
"CSharp","SHA1","0,0469","17,1","0,1088"
"CSharp","SHA1","0,0781","18,52","0,1078"
"CSharp","SHA1","0,0625","18,49","0,1071"
"CSharp","SHA1","0,0781","18,47","0,1229"
"CSharp","SHA1","0,0625","17","0,1089"
"CSharp","SHA1","0,0781","18,5","0,1232"
"CSharp","SHA1","0,0625","18,41","0,1231"
"CSharp","SHA1","0,0781","18,31","0,1219"
"CSharp","SHA1","0,0625","18,45","0,1233"
"CSharp","SHA1","0,0625","18,54","0,1246"
"CSharp","SHA1","0,0625","18,41","0,1236"
"CSharp","SHA1","0,0625","18,4","0,1221"
"CSharp","SHA1","0,0781","18,39","0,1226"
"CSharp","SHA1","0,0625","18,55","0,109"
"CSharp","SHA1","0,0781","18,52","0,1084"
"CSharp","SHA1","0,0781","18,39","0,1075"
"CSharp","SHA1","0,0781","18,35","0,1228"
"CSharp","SHA1","0,0625","18,48","0,1239"
"CSharp","SHA1","0,0625","18,27","0,1229"
"CSharp","SHA1","0,0625","18,4","0,1242"
"CSharp","SHA1","0,0625","18,38","0,1226"
"CSharp","SHA1","0,0781","18,46","0,1219"
"CSharp","SHA1","0,125","18,45","0,1077"
"CSharp","SHA1","0,0469","16,96","0,106"
"CSharp","SHA1","0,0781","18,54","0,1078"
"CSharp","SHA1","0,0781","18,34","0,108"
"CSharp","SHA1","0,0625","18,53","0,1243"
"CSharp","SHA1","0,0625","18,5","0,1235"
"CSharp","SHA1","0,0625","16,96","0,1073"
"CSharp","SHA1","0,0781","18,49","0,1092"
"CSharp","SHA1","0,0625","18,43","0,1077"
"CSharp","SHA1","0,0781","18,48","0,122"
"CSharp","SHA1","0,0781","18,49","0,108"
"CSharp","SHA1","0,0781","18,33","0,1228"
"CSharp","SHA1","0,0625","18,4","0,1225"
"CSharp","SHA1","0,0625","18,41","0,123"
"CSharp","SHA1","0,0625","18,43","0,1225"
"CSharp","SHA1","0,0781","18,41","0,1082"
"CSharp","SHA1","0,0781","18,56","0,1081"
"CSharp","SHA1","0,0469","18,39","0,1202"
"CSharp","SHA1","0,0781","18,42","0,1075"
"CSharp","SHA1","0,0781","18,61","0,1393"
"Cpp","SHA1","0","3,77","0,0601"
"Cpp","SHA1","0","3,76","0,0623"
"Cpp","SHA1","0","4,12","0,0596"
"Cpp","SHA1","0","4,37","0,0611"
"Cpp","SHA1","0","3,93","0,0594"
"Cpp","SHA1","0","3,77","0,0621"
"Cpp","SHA1","0","4,36","0,0599"
"Cpp","SHA1","0,0156","4,44","0,0463"
"Cpp","SHA1","0","4,12","0,045"
"Cpp","SHA1","0","4,12","0,0453"
"Cpp","SHA1","0","4,45","0,0457"
"Cpp","SHA1","0,0156","4,45","0,046"
"Cpp","SHA1","0","3,76","0,0441"
"Cpp","SHA1","0","4,38","0,0454"
"Cpp","SHA1","0","3,76","0,0448"
"Cpp","SHA1","0","4,12","0,0601"
"Cpp","SHA1","0","3,77","0,0455"
"Cpp","SHA1","0","3,77","0,06"
"Cpp","SHA1","0","4,45","0,0606"
"Cpp","SHA1","0","4,34","0,0442"
"Cpp","SHA1","0","4,35","0,0449"
"Cpp","SHA1","0","4,11","0,0448"
"Cpp","SHA1","0","4,12","0,0597"
"Cpp","SHA1","0","4,11","0,0605"
"Cpp","SHA1","0","4,22","0,0605"
"Cpp","SHA1","0","4,59","0,062"
"Cpp","SHA1","0","3,76","0,0449"
"Cpp","SHA1","0","4,45","0,0441"
"Cpp","SHA1","0","3,77","0,0443"
"Cpp","SHA1","0","4,1","0,0449"
"Cpp","SHA1","0","3,76","0,0437"
"Cpp","SHA1","0","4,45","0,0445"
"Cpp","SHA1","0,0156","4,79","0,0447"
"Cpp","SHA1","0","3,99","0,0447"
"Cpp","SHA1","0","4,11","0,045"
"Cpp","SHA1","0","3,88","0,06"
"Cpp","SHA1","0","3,77","0,0437"
"Cpp","SHA1","0,0156","4,45","0,0614"
"Cpp","SHA1","0","3,77","0,0447"
"Cpp","SHA1","0,0156","4,45","0,0448"
"Cpp","SHA1","0,0156","4,45","0,0449"
"Cpp","SHA1","0,0156","4,45","0,0448"
"Cpp","SHA1","0","3,76","0,0445"
"Cpp","SHA1","0,0156","4,43","0,0611"
"Cpp","SHA1","0","3,77","0,057"
"Cpp","SHA1","0","4,45","0,0606"
"Cpp","SHA1","0,0156","4,45","0,0618"
"Cpp","SHA1","0","3,93","0,0606"
"Cpp","SHA1","0,0156","4,12","0,0607"
"Cpp","SHA1","0,0156","4,79","0,0615"
"Cpp","SHA1","0,0156","4,69","0,0619"
"Cpp","SHA1","0,0156","4,1","0,0609"
"Cpp","SHA1","0,0156","4,21","0,0446"
"Cpp","SHA1","0,0156","4,38","0,0455"
"Cpp","SHA1","0,0156","4,02","0,0447"
"Cpp","SHA1","0","4,42","0,0609"
"Cpp","SHA1","0","4,79","0,0605"
"Cpp","SHA1","0","3,94","0,0597"
"Cpp","SHA1","0,0156","4,45","0,061"
"Cpp","SHA1","0,0156","4,34","0,0603"
"Cpp","SHA1","0,0156","4,38","0,061"
"Cpp","SHA1","0","4,43","0,0607"
"Cpp","SHA1","0","4,07","0,0609"
"Cpp","SHA1","0","4,45","0,0607"
"Cpp","SHA1","0,0156","4,45","0,0453"
"Cpp","SHA1","0","4,45","0,0448"
"Cpp","SHA1","0,0156","4,45","0,0459"
"Cpp","SHA1","0,0156","4,44","0,0453"
"Cpp","SHA1","0,0156","4,45","0,0459"
"Cpp","SHA1","0,0156","4,45","0,0457"
"Cpp","SHA1","0","4,16","0,044"
"Cpp","SHA1","0,0156","4,45","0,0451"
"Cpp","SHA1","0","4,45","0,0453"
"Cpp","SHA1","0","3,76","0,06"
"Cpp","SHA1","0,0156","4,45","0,0454"
"Cpp","SHA1","0","4,12","0,0452"
"Cpp","SHA1","0","4,45","0,0451"
"Cpp","SHA1","0","3,92","0,0443"
"Cpp","SHA1","0","3,77","0,0441"
"Cpp","SHA1","0","4,12","0,0448"
"Cpp","SHA1","0","4,25","0,0462"
"Cpp","SHA1","0","3,76","0,0442"
"Cpp","SHA1","0","3,84","0,0449"
"Cpp","SHA1","0","4,12","0,0454"
"Cpp","SHA1","0","4,38","0,0613"
"Cpp","SHA1","0","4,43","0,0605"
"Cpp","SHA1","0,0156","4,2","0,0454"
"Cpp","SHA1","0","4,11","0,0448"
"Cpp","SHA1","0","4,45","0,0614"
"Cpp","SHA1","0","3,76","0,0621"
"Cpp","SHA1","0","4,3","0,0609"
"Cpp","SHA1","0","4,17","0,0452"
"Cpp","SHA1","0","4,12","0,0448"
"Cpp","SHA1","0","4,45","0,0445"
"Cpp","SHA1","0,0156","4,8","0,0465"
"Cpp","SHA1","0,0156","4,45","0,0451"
"Cpp","SHA1","0,0156","4,45","0,0454"
"Cpp","SHA1","0","4,11","0,0448"
"Cpp","SHA1","0","4,45","0,0451"
"Cpp","SHA1","0,0156","4,8","0,0462"
"Python","SHA1","0,125","8,47","0,5321"
"Python","SHA1","0,1094","8","0,575"
"Python","SHA1","0,125","8","0,5812"
"Python","SHA1","0,125","7,97","0,5758"
"Python","SHA1","0,1406","7,98","0,5636"
"Python","SHA1","0,125","7,98","0,5622"
"Python","SHA1","0,125","7,98","0,5619"
"Python","SHA1","0,1406","7,99","0,5637"
"Python","SHA1","0,1094","8","0,5621"
"Python","SHA1","0,1094","7,97","0,5158"
"Python","SHA1","0,1094","7,99","0,5131"
"Python","SHA1","0,125","7,99","0,5158"
"Python","SHA1","0,1094","8","0,5797"
"Python","SHA1","0,1406","7,98","0,5143"
"Python","SHA1","0,1094","7,99","0,5886"
"Python","SHA1","0,125","7,99","0,5315"
"Python","SHA1","0,125","7,98","0,5304"
"Python","SHA1","0,125","7,99","0,5735"
"Python","SHA1","0,1094","7,99","0,5635"
"Python","SHA1","0,125","7,99","0,5741"
"Python","SHA1","0,125","7,99","0,5322"
"Python","SHA1","0,1094","8","0,5668"
"Python","SHA1","0,1094","7,99","0,5162"
"Python","SHA1","0,1094","7,97","0,5625"
"Python","SHA1","0,125","8","0,5637"
"Python","SHA1","0,1094","7,98","0,5633"
"Python","SHA1","0,1094","7,98","0,5597"
"Python","SHA1","0,125","8","0,5948"
"Python","SHA1","0,1094","7,98","0,5611"
"Python","SHA1","0,125","7,99","0,5915"
"Python","SHA1","0,1094","7,97","0,5631"
"Python","SHA1","0,125","7,98","0,5895"
"Python","SHA1","0,125","8,45","0,6024"
"Python","SHA1","0,125","8,46","0,5784"
"Python","SHA1","0,125","7,99","0,5178"
"Python","SHA1","0,1562","8,44","0,5799"
"Python","SHA1","0,125","7,98","0,5781"
"Python","SHA1","0,1094","8,45","0,5305"
"Python","SHA1","0,125","7,98","0,5177"
"Python","SHA1","0,125","8,45","0,5766"
"Python","SHA1","0,125","8,46","0,5775"
"Python","SHA1","0,1406","8,46","0,5907"
"Python","SHA1","0,125","8","0,5615"
"Python","SHA1","0,125","7,98","0,5442"
"Python","SHA1","0,1094","8,45","0,6117"
"Python","SHA1","0,125","8,46","0,5801"
"Python","SHA1","0,125","8,38","0,593"
"Python","SHA1","0,125","8,45","0,5748"
"Python","SHA1","0,1094","8,46","0,5301"
"Python","SHA1","0,125","7,99","0,5923"
"Python","SHA1","0,1406","8,46","0,6123"
"Python","SHA1","0,1562","8,46","0,6114"
"Python","SHA1","0,1719","8,45","0,5924"
"Python","SHA1","0,125","8,46","0,6198"
"Python","SHA1","0,1562","7,99","0,5483"
"Python","SHA1","0,125","8","0,5634"
"Python","SHA1","0,1094","7,97","0,5179"
"Python","SHA1","0,1094","7,97","0,5147"
"Python","SHA1","0,125","8","0,5942"
"Python","SHA1","0,1406","7,97","0,5293"
"Python","SHA1","0,125","8","0,592"
"Python","SHA1","0,125","7,98","0,5772"
"Python","SHA1","0,125","8","0,564"
"Python","SHA1","0,125","7,99","0,5734"
"Python","SHA1","0,1406","7,99","0,5764"
"Python","SHA1","0,1406","7,97","0,5602"
"Python","SHA1","0,125","8","0,5619"
"Python","SHA1","0,125","7,98","0,5752"
"Python","SHA1","0,1406","8","0,5917"
"Python","SHA1","0,1406","7,98","0,5588"
"Python","SHA1","0,125","7,99","0,5621"
"Python","SHA1","0,1406","7,99","0,564"
"Python","SHA1","0,1094","7,99","0,5146"
"Python","SHA1","0,125","7,97","0,5663"
"Python","SHA1","0,125","7,96","0,5626"
"Python","SHA1","0,125","8","0,5609"
"Python","SHA1","0,125","7,98","0,5135"
"Python","SHA1","0,125","7,97","0,5156"
"Python","SHA1","0,1094","8","0,5753"
"Python","SHA1","0,125","8","0,5605"
"Python","SHA1","0,1406","7,99","0,5592"
"Python","SHA1","0,1094","7,99","0,5748"
"Python","SHA1","0,125","7,98","0,5647"
"Python","SHA1","0,1094","7,99","0,5791"
"Python","SHA1","0,0938","7,99","0,5175"
"Python","SHA1","0,1094","7,99","0,578"
"Python","SHA1","0,125","7,98","0,5722"
"Python","SHA1","0,1406","8","0,5787"
"Python","SHA1","0,1406","8","0,513"
"Python","SHA1","0,125","7,99","0,5786"
"Python","SHA1","0,1094","8","0,5611"
"Python","SHA1","0,125","7,99","0,5598"
"Python","SHA1","0,1094","7,99","0,5596"
"Python","SHA1","0,1094","7,99","0,5123"
"Python","SHA1","0,1406","7,98","0,5777"
"Python","SHA1","0,1094","7,99","0,5807"
"Python","SHA1","0,1094","7,99","0,5611"
"Python","SHA1","0,125","8","0,5615"
"Python","SHA1","0,125","7,99","0,5596"
"Python","SHA1","0,1094","7,99","0,5612"
"CSharp","SHA2","0,0781","18,31","0,1062"
"CSharp","SHA2","0,0625","18,42","0,1083"
"CSharp","SHA2","0,0781","18,45","0,1081"
"CSharp","SHA2","0,0781","18,52","0,1087"
"CSharp","SHA2","0,0781","18,54","0,1088"
"CSharp","SHA2","0,0781","18,45","0,1068"
"CSharp","SHA2","0,0781","18,47","0,1081"
"CSharp","SHA2","0,0781","18,53","0,1073"
"CSharp","SHA2","0,0781","18,45","0,1083"
"CSharp","SHA2","0,0781","18,5","0,1088"
"CSharp","SHA2","0,0781","18,53","0,1251"
"CSharp","SHA2","0,0625","18,52","0,1229"
"CSharp","SHA2","0,0781","18,54","0,1235"
"CSharp","SHA2","0,0625","18,46","0,1232"
"CSharp","SHA2","0,0781","18,5","0,1079"
"CSharp","SHA2","0,0469","16,95","0,1059"
"CSharp","SHA2","0,0781","18,54","0,1234"
"CSharp","SHA2","0,0938","18,45","0,1083"
"CSharp","SHA2","0,0781","18,52","0,1098"
"CSharp","SHA2","0,0781","18,43","0,1068"
"CSharp","SHA2","0,0625","18,38","0,107"
"CSharp","SHA2","0,0938","18,39","0,1069"
"CSharp","SHA2","0,125","18,44","0,1081"
"CSharp","SHA2","0,0625","18,41","0,1086"
"CSharp","SHA2","0,0938","18,52","0,1091"
"CSharp","SHA2","0,0781","18,12","0,1238"
"CSharp","SHA2","0,0781","18,45","0,1198"
"CSharp","SHA2","0,0625","18,38","0,1066"
"CSharp","SHA2","0,0625","18,45","0,124"
"CSharp","SHA2","0,0625","18,34","0,1222"
"CSharp","SHA2","0,0781","18,47","0,1088"
"CSharp","SHA2","0,0781","18,43","0,1075"
"CSharp","SHA2","0,0781","18,32","0,108"
"CSharp","SHA2","0,0781","18,4","0,1078"
"CSharp","SHA2","0,0625","18,41","0,108"
"CSharp","SHA2","0,0625","18,42","0,1077"
"CSharp","SHA2","0,0781","18,4","0,107"
"CSharp","SHA2","0,0781","18,46","0,1218"
"CSharp","SHA2","0,0781","18,93","0,1072"
"CSharp","SHA2","0,0781","19","0,1093"
"CSharp","SHA2","0,0625","18,36","0,1213"
"CSharp","SHA2","0,0781","18,48","0,1078"
"CSharp","SHA2","0,0469","16,89","0,1062"
"CSharp","SHA2","0,0625","18,45","0,1228"
"CSharp","SHA2","0,0781","18,46","0,123"
"CSharp","SHA2","0,0781","18,58","0,1386"
"CSharp","SHA2","0,0781","18,29","0,124"
"CSharp","SHA2","0,0938","18,3","0,1235"
"CSharp","SHA2","0,0625","18,37","0,1088"
"CSharp","SHA2","0,0938","18,46","0,1259"
"CSharp","SHA2","0,0625","18,38","0,1077"
"CSharp","SHA2","0,0938","18,59","0,1083"
"CSharp","SHA2","0,0625","18,52","0,1079"
"CSharp","SHA2","0,0625","18,44","0,1094"
"CSharp","SHA2","0,0625","18,34","0,1057"
"CSharp","SHA2","0,0625","18,39","0,109"
"CSharp","SHA2","0,0625","18,42","0,108"
"CSharp","SHA2","0,0625","18,48","0,107"
"CSharp","SHA2","0,0625","18,34","0,1076"
"CSharp","SHA2","0,0781","18,4","0,107"
"CSharp","SHA2","0,0781","18,48","0,108"
"CSharp","SHA2","0,0625","18,47","0,1079"
"CSharp","SHA2","0,0625","18,38","0,1074"
"CSharp","SHA2","0,0469","18,46","0,1092"
"CSharp","SHA2","0,0781","18,98","0,1075"
"CSharp","SHA2","0,0625","18,41","0,108"
"CSharp","SHA2","0,0781","18,59","0,1234"
"CSharp","SHA2","0,0625","18,4","0,1073"
"CSharp","SHA2","0,0625","18,39","0,1082"
"CSharp","SHA2","0,0781","18,39","0,1083"
"CSharp","SHA2","0,0625","18,45","0,1072"
"CSharp","SHA2","0,0625","18,44","0,1065"
"CSharp","SHA2","0,0625","18,5","0,1081"
"CSharp","SHA2","0,0781","18,48","0,124"
"CSharp","SHA2","0,0938","18,45","0,1248"
"CSharp","SHA2","0,0625","18,52","0,1244"
"CSharp","SHA2","0,0781","18,45","0,1079"
"CSharp","SHA2","0,0781","18,44","0,1076"
"CSharp","SHA2","0,0625","18,36","0,1218"
"CSharp","SHA2","0,0625","18,48","0,1102"
"CSharp","SHA2","0,0781","18,36","0,1069"
"CSharp","SHA2","0,0625","18,41","0,1071"
"CSharp","SHA2","0,1094","18,3","0,124"
"CSharp","SHA2","0,0781","18,39","0,1072"
"CSharp","SHA2","0,0781","18,43","0,1091"
"CSharp","SHA2","0,0781","18,45","0,1067"
"CSharp","SHA2","0,0625","18,34","0,1063"
"CSharp","SHA2","0,0625","18,38","0,1078"
"CSharp","SHA2","0,0625","18,48","0,1065"
"CSharp","SHA2","0,0625","18,37","0,1057"
"CSharp","SHA2","0,0469","18,35","0,1064"
"CSharp","SHA2","0,0625","18,36","0,1209"
"CSharp","SHA2","0,0781","18,43","0,1256"
"CSharp","SHA2","0,0625","18,5","0,109"
"CSharp","SHA2","0,0469","16,91","0,1075"
"CSharp","SHA2","0,0625","18,46","0,1083"
"CSharp","SHA2","0,0781","18,55","0,1098"
"CSharp","SHA2","0,0781","18,47","0,1194"
"CSharp","SHA2","0,0625","18,4","0,1077"
"CSharp","SHA2","0,0625","18,43","0,1093"
"Cpp","SHA2","0","3,77","0,0438"
"Cpp","SHA2","0","4,38","0,0454"
"Cpp","SHA2","0","4,75","0,0471"
"Cpp","SHA2","0","4,16","0,0445"
"Cpp","SHA2","0","3,76","0,0453"
"Cpp","SHA2","0","4,79","0,0457"
"Cpp","SHA2","0","3,89","0,0451"
"Cpp","SHA2","0","4,45","0,0457"
"Cpp","SHA2","0","4,78","0,0468"
"Cpp","SHA2","0","4,15","0,0455"
"Cpp","SHA2","0","4,17","0,045"
"Cpp","SHA2","0","4,57","0,0459"
"Cpp","SHA2","0","4,45","0,0446"
"Cpp","SHA2","0","4,45","0,046"
"Cpp","SHA2","0","4,43","0,0457"
"Cpp","SHA2","0","4,12","0,0443"
"Cpp","SHA2","0","4,45","0,0442"
"Cpp","SHA2","0","4,38","0,046"
"Cpp","SHA2","0","4,44","0,0458"
"Cpp","SHA2","0","3,76","0,0459"
"Cpp","SHA2","0","3,89","0,0452"
"Cpp","SHA2","0","3,76","0,0437"
"Cpp","SHA2","0","4,45","0,0451"
"Cpp","SHA2","0","4,45","0,0455"
"Cpp","SHA2","0","4,12","0,0467"
"Cpp","SHA2","0","3,89","0,0454"
"Cpp","SHA2","0","4,57","0,0457"
"Cpp","SHA2","0","4,44","0,0452"
"Cpp","SHA2","0","4,79","0,0461"
"Cpp","SHA2","0","4,43","0,0438"
"Cpp","SHA2","0","3,79","0,045"
"Cpp","SHA2","0","4,12","0,0451"
"Cpp","SHA2","0,0156","4,36","0,045"
"Cpp","SHA2","0,0156","4,45","0,0447"
"Cpp","SHA2","0","4,36","0,045"
"Cpp","SHA2","0","4,12","0,0444"
"Cpp","SHA2","0","4,45","0,0624"
"Cpp","SHA2","0,0156","4,45","0,0453"
"Cpp","SHA2","0,0156","4,45","0,0597"
"Cpp","SHA2","0,0156","4,42","0,0622"
"Cpp","SHA2","0,0156","3,76","0,0449"
"Cpp","SHA2","0","4,11","0,0609"
"Cpp","SHA2","0","3,95","0,0611"
"Cpp","SHA2","0","4,45","0,0614"
"Cpp","SHA2","0","3,82","0,0613"
"Cpp","SHA2","0","4,38","0,0603"
"Cpp","SHA2","0,0156","4,45","0,0471"
"Cpp","SHA2","0","4,8","0,0466"
"Cpp","SHA2","0","4,41","0,0452"
"Cpp","SHA2","0","4,15","0,0446"
"Cpp","SHA2","0","4,39","0,0449"
"Cpp","SHA2","0","4,12","0,0449"
"Cpp","SHA2","0","3,76","0,0445"
"Cpp","SHA2","0","3,77","0,0444"
"Cpp","SHA2","0","4,12","0,0447"
"Cpp","SHA2","0","4,29","0,0447"
"Cpp","SHA2","0","4,45","0,0468"
"Cpp","SHA2","0","4,45","0,0465"
"Cpp","SHA2","0","4,44","0,046"
"Cpp","SHA2","0","4,8","0,046"
"Cpp","SHA2","0","4,49","0,0467"
"Cpp","SHA2","0,0156","4,2","0,0442"
"Cpp","SHA2","0","3,77","0,0453"
"Cpp","SHA2","0","4,75","0,0457"
"Cpp","SHA2","0","4,45","0,0446"
"Cpp","SHA2","0,0156","4,45","0,0449"
"Cpp","SHA2","0,0156","3,87","0,044"
"Cpp","SHA2","0,0156","4,45","0,0454"
"Cpp","SHA2","0,0156","3,76","0,0434"
"Cpp","SHA2","0","4,45","0,0453"
"Cpp","SHA2","0","4,12","0,0447"
"Cpp","SHA2","0","4,8","0,0463"
"Cpp","SHA2","0","4,39","0,0461"
"Cpp","SHA2","0,0156","3,76","0,0451"
"Cpp","SHA2","0,0156","4,12","0,06"
"Cpp","SHA2","0,0156","4,14","0,0453"
"Cpp","SHA2","0,0156","4,45","0,0445"
"Cpp","SHA2","0","3,76","0,0457"
"Cpp","SHA2","0,0156","3,76","0,0445"
"Cpp","SHA2","0,0156","4,45","0,0619"
"Cpp","SHA2","0,0156","4,12","0,06"
"Cpp","SHA2","0,0156","3,76","0,0458"
"Cpp","SHA2","0,0156","4,45","0,0618"
"Cpp","SHA2","0,0156","4,45","0,0613"
"Cpp","SHA2","0","4,38","0,0592"
"Cpp","SHA2","0","3,77","0,0592"
"Cpp","SHA2","0,0156","4,02","0,0456"
"Cpp","SHA2","0,0156","4,12","0,0455"
"Cpp","SHA2","0,0156","4,45","0,045"
"Cpp","SHA2","0,0156","4,38","0,0449"
"Cpp","SHA2","0,0156","4,12","0,0449"
"Cpp","SHA2","0,0156","4,45","0,0457"
"Cpp","SHA2","0,0156","3,99","0,045"
"Cpp","SHA2","0,0156","4,45","0,0462"
"Cpp","SHA2","0,0156","4,45","0,0458"
"Cpp","SHA2","0,0156","4,17","0,0599"
"Cpp","SHA2","0,0156","3,93","0,0446"
"Cpp","SHA2","0","3,77","0,0441"
"Cpp","SHA2","0","4,45","0,0458"
"Cpp","SHA2","0,0156","4,45","0,0443"
"Python","SHA2","0,1094","8","0,5926"
"Python","SHA2","0,125","8","0,6068"
"Python","SHA2","0,1406","8","0,564"
"Python","SHA2","0,1406","7,99","0,5618"
"Python","SHA2","0,125","8","0,5654"
"Python","SHA2","0,1406","8","0,5171"
"Python","SHA2","0,125","7,98","0,566"
"Python","SHA2","0,125","8","0,5178"
"Python","SHA2","0,125","8","0,5616"
"Python","SHA2","0,1406","8","0,5152"
"Python","SHA2","0,125","8","0,5142"
"Python","SHA2","0,125","7,98","0,5742"
"Python","SHA2","0,1094","8","0,5621"
"Python","SHA2","0,125","8","0,5196"
"Python","SHA2","0,1094","7,98","0,5779"
"Python","SHA2","0,125","7,99","0,5159"
"Python","SHA2","0,1562","8","0,5155"
"Python","SHA2","0,125","7,98","0,5137"
"Python","SHA2","0,1406","7,98","0,5608"
"Python","SHA2","0,125","8","0,5596"
"Python","SHA2","0,1094","8","0,5614"
"Python","SHA2","0,125","7,99","0,5601"
"Python","SHA2","0,1875","8","0,5606"
"Python","SHA2","0,1094","8","0,589"
"Python","SHA2","0,1406","7,98","0,5611"
"Python","SHA2","0,1406","7,99","0,5635"
"Python","SHA2","0,1094","7,99","0,518"
"Python","SHA2","0,1094","7,99","0,561"
"Python","SHA2","0,1094","7,98","0,5617"
"Python","SHA2","0,125","7,99","0,5638"
"Python","SHA2","0,125","7,97","0,5656"
"Python","SHA2","0,1406","7,99","0,5155"
"Python","SHA2","0,125","8","0,5158"
"Python","SHA2","0,1406","8","0,5748"
"Python","SHA2","0,1094","7,99","0,5927"
"Python","SHA2","0,1094","7,99","0,5618"
"Python","SHA2","0,1094","8","0,5163"
"Python","SHA2","0,1094","7,99","0,5649"
"Python","SHA2","0,1406","7,98","0,5677"
"Python","SHA2","0,1094","8","0,5612"
"Python","SHA2","0,1094","8","0,577"
"Python","SHA2","0,1406","7,99","0,5133"
"Python","SHA2","0,1094","8","0,5134"
"Python","SHA2","0,1094","8","0,5621"
"Python","SHA2","0,125","8","0,5922"
"Python","SHA2","0,125","8","0,5139"
"Python","SHA2","0,125","7,99","0,5755"
"Python","SHA2","0,125","7,99","0,5771"
"Python","SHA2","0,1562","8,46","0,5901"
"Python","SHA2","0,125","7,99","0,5137"
"Python","SHA2","0,1406","8","0,5804"
"Python","SHA2","0,1094","7,99","0,5632"
"Python","SHA2","0,1094","7,98","0,5627"
"Python","SHA2","0,1094","7,98","0,5629"
"Python","SHA2","0,1406","7,98","0,5634"
"Python","SHA2","0,1406","8","0,5089"
"Python","SHA2","0,125","8","0,5624"
"Python","SHA2","0,1094","7,98","0,5758"
"Python","SHA2","0,125","8","0,5748"
"Python","SHA2","0,0938","7,99","0,5162"
"Python","SHA2","0,1094","8","0,5601"
"Python","SHA2","0,1406","8","0,5599"
"Python","SHA2","0,1094","7,99","0,5625"
"Python","SHA2","0,1094","7,99","0,5747"
"Python","SHA2","0,125","8","0,5728"
"Python","SHA2","0,1094","8","0,5773"
"Python","SHA2","0,1094","7,99","0,5632"
"Python","SHA2","0,0781","7,98","0,5772"
"Python","SHA2","0,125","7,99","0,5604"
"Python","SHA2","0,1094","7,98","0,5823"
"Python","SHA2","0,1406","7,98","0,5153"
"Python","SHA2","0,125","8","0,5126"
"Python","SHA2","0,125","8","0,5157"
"Python","SHA2","0,1094","8","0,514"
"Python","SHA2","0,1094","8","0,5646"
"Python","SHA2","0,125","8","0,5631"
"Python","SHA2","0,125","8","0,561"
"Python","SHA2","0,1406","8","0,5647"
"Python","SHA2","0,125","7,98","0,5775"
"Python","SHA2","0,125","7,99","0,5775"
"Python","SHA2","0,125","7,98","0,5785"
"Python","SHA2","0,1094","8","0,5141"
"Python","SHA2","0,1094","8","0,5642"
"Python","SHA2","0,1406","7,98","0,5768"
"Python","SHA2","0,1406","8","0,5787"
"Python","SHA2","0,125","8","0,5737"
"Python","SHA2","0,1094","8","0,5599"
"Python","SHA2","0,125","8","0,5132"
"Python","SHA2","0,1406","8","0,5952"
"Python","SHA2","0,1406","8","0,5779"
"Python","SHA2","0,125","7,99","0,5755"
"Python","SHA2","0,1094","7,98","0,5615"
"Python","SHA2","0,1406","7,99","0,515"
"Python","SHA2","0,125","7,99","0,5726"
"Python","SHA2","0,125","7,99","0,5585"
"Python","SHA2","0,125","8","0,5605"
"Python","SHA2","0,1094","8","0,559"
"Python","SHA2","0,125","8","0,5949"
"Python","SHA2","0,1094","7,98","0,5741"
"Python","SHA2","0,125","7,98","0,5787"
